Designator,Footprint,Quantity,Value,LCSC Part #
"C1, C19",0603,2,1u,
C10,0603,1,4.7u,
"C11, C13, C14, C16, C17, C18, C20",0603,7,100n,
"C12, C15",0603,2,10p,
"C2, C21, C22, C5, C7, C9",0603,6,0.1u,
C3,0603,1,22u,
"C4, C8",0603,2,1uF,
C6,0603,1,2.2u,
D1,LEDM1608X80,1,LTST-C190KFKT,
J1,PinHeader_1x02_P2.54mm_Vertical,1,Conn_01x02_Pin,
J2,PinHeader_1x06_P2.54mm_Vertical,1,Conn_01x06_Pin,
"R1, R3",0603,2,4.7k,
"R10, R4, R5, R6, R7, R8",0603,6,10k,
R11,0603,1,200k,
"R12, R13, R14, R15",0603,4,2.2k,
R2,0603,1,1k5,
S2,SW_B3F-1000,1,TS02-66-43-BK-160-SCR-D,
SW1,SW_SPDT_CK_JS102011SAQN,1,SW_SPDT,
"TP1, TP6",TestPoint_Pad_1.0x1.0mm,2,SPI2_CS,
TP10,TestPoint_Pad_1.0x1.0mm,1,SPI2_IRQ,
TP13,TestPoint_Pad_1.0x1.0mm,1,SDA_1V8,
TP14,TestPoint_Pad_1.0x1.0mm,1,SCL_1V8,
TP15,TestPoint_Pad_1.0x1.0mm,1,1v8,
TP16,TestPoint_Pad_1.0x1.0mm,1,IN_3v3,
"TP1_GND1, TP20, TP2_5V_1, TP4, TP5",TestPoint_Pad_1.0x1.0mm,5,TestPoint,
TP3_3V3,TestPoint_Pad_1.0x1.0mm,1,~,
TP7,TestPoint_Pad_1.0x1.0mm,1,SPI2_CLK,
TP8,TestPoint_Pad_1.0x1.0mm,1,SPI2_MOSI,
TP9,TestPoint_Pad_1.0x1.0mm,1,SPI2_MISO,
U1,SON65P300X300X80-9N,1,MAX30205,
U10,SOT-23,1,XC6206P332MR-G,XC6206P332MR-G
U2,LGA14R80P2X7_560X280X130,1,MAX30100EFDT,
U3,SOT95P280X145-5N,1,TPS70918QDBVRQ1,
U5,SMD6_LTR-390UV-01_LTO,1,LTR-390UV-01,
U6,LQFP-64_10x10mm_P0.5mm,1,STM32F401RETx,
U7,XCVR_BLUENRG-M0A,1,BLUENRG-M0A,
U8,Aosong_DHT11_5.5x12.0_P2.54mm,1,DHT11,
U9,SOP65P400X130-8N,1,PCA9306,
Y1,XTAL_ABM8-16.000MHZ-10-1-U-T,1,Crystal_GND24,
