Designator,Mid X,Mid Y,Rotation,Layer
C1,105.275,-129.8,270.0,top
C10,99.9,-132.5,180.0,top
C11,111.1,-122.625,270.0,top
C12,112.0,-114.825,90.0,top
C13,115.4,-112.6,180.0,top
C14,128.6,-112.3,90.0,top
C15,112.0,-118.025,270.0,top
C16,121.6,-127.9,270.0,top
C17,115.4,-110.9,180.0,top
C18,125.3,-126.2,180.0,top
C19,81.4,-120.9,0.0,top
C2,91.0,-128.275,90.0,top
C20,136.55,-134.3,270.0,top
C21,130.0,-107.85,180.0,top
C22,113.1,-122.625,90.0,top
C3,119.6,-127.9,270.0,top
C4,127.0,-141.6,270.0,top
C5,81.3,-138.3,270.0,bottom
C6,108.45,-127.425,180.0,top
C7,91.0,-124.775,270.0,top
C8,123.5,-141.6,270.0,top
C9,103.0,-134.4,90.0,top
D1,121.75,-132.5,180.0,top
J1,130.005,-104.0,270.0,top
J2,118.19,-104.0,90.0,top
R1,87.915,-141.2,90.0,bottom
R10,136.525,-137.975,270.0,top
R11,112.8,-134.0,0.0,top
R12,116.0,-135.175,90.0,top
R13,114.0,-140.0,0.0,top
R14,101.0,-129.0,270.0,top
R15,106.0,-135.0,270.0,top
R2,122.175,-134.5,0.0,top
R3,101.8,-139.0,0.0,top
R4,120.0,-109.0,180.0,top
R5,105.675,-124.0,180.0,top
R6,103.5,-104.4,270.0,top
R7,103.6,-107.8,90.0,top
R8,109.1,-122.625,90.0,top
S2,138.25,-118.75,0.0,top
SW1,139.0,-108.25,90.0,top
U1,84.735,-138.575,0.0,bottom
U10,124.56,-138.05,90.0,top
U2,87.075,-126.4,0.0,top
U3,108.7,-130.425,0.0,top
U5,99.949999,-136.1602,270.0,top
U6,122.35,-118.2,270.0,top
U7,87.0125,-113.3975,0.0,top
U8,141.15,-136.135,0.0,top
U9,111.675,-136.75,0.0,top
Y1,109.125,-116.15,0.0,top
